element,Record Data,Tags
# Human Language Taxonomy,,
## 1. Phylum: Indo-European,hello world,"Important, Urgent, Review"
### Family: Indo-European,nice short,"Important, Urgent, Review"
#### Branch: Germanic,wow,"Important, Urgent, Review"
##### English,hello there,"Important, Urgent, Review"
##### German,,
##### Dutch,,
##### Swedish,,
#### Branch: Romance,,
##### Spanish,,
##### French,,
##### Italian,,
##### Portuguese,,
#### Branch: Slavic,,
##### Russian,,
##### Polish,,
##### Czech,,
##### Bulgarian,,
#### Branch: Indo-Aryan,,
##### Hindi,,
##### Bengali,,
##### Punjabi,,
##### Urdu,,
## 2. Phylum: Sino-Tibetan,,
### Family: Sino-Tibetan,,
#### Branch: Sinitic,,
##### Mandarin Chinese,,
##### Cantonese (Yue),,
##### Hakka,,
##### Min Nan,,
#### Branch: Tibeto-Burman,,
##### Burmese,,
##### Tibetan,,
##### Karen,,
##### Manipuri (Meitei),,
## 3. Phylum: Afro-Asiatic,,
### Family: Afro-Asiatic,,
#### Branch: Semitic,,
##### Arabic,,
##### Hebrew,,
##### Amharic,,
##### Tigrinya,,
#### Branch: Berber,,
##### Tamazight,,
##### Kabyle,,
##### Tachelhit,,
#### Branch: Cushitic,,
##### Somali,,
##### Oromo,,
##### Afar,,
#### Branch: Chadic,,
##### Hausa,,
##### Margi,,
##### Bura,,
## 4. Phylum: Niger-Congo,,
### Family: Niger-Congo,,
#### Branch: Bantu,,
##### Swahili,,
##### Zulu,,
##### Xhosa,,
##### Shona,,
#### Branch: Mande,,
##### Bambara,,
##### Malinke,,
##### Soninke,,
#### Branch: Kwa,,
##### Akan,,
##### Ewe,,
##### Yoruba,,
## 5. Phylum: Austronesian,,
### Family: Austronesian,,
#### Branch: Malayo-Polynesian,,
##### Tagalog,,
##### Javanese,,
##### Hawaiian,,
##### Maori,,
#### Branch: Formosan,,
##### Amis,,
##### Atayal,,
##### Paiwan,,
## 6. Phylum: Dravidian,,
### Family: Dravidian,,
#### Branch: South Dravidian,,
##### Tamil,,
##### Kannada,,
##### Malayalam,,
#### Branch: Central Dravidian,,
##### Telugu,,
##### Gondi,,
#### Branch: North Dravidian,,
##### Brahui,,
##### Malto,,
## 7. Phylum: Uralic,,
### Family: Uralic,,
#### Branch: Finno-Ugric,,
##### Hungarian,,
##### Finnish,,
##### Estonian,,
#### Branch: Samoyedic,,
##### Nenets,,
##### Selkup,,
## 8. Phylum: Turkic,,
### Family: Turkic,,
#### Branch: Oghuz,,
##### Turkish,,
##### Azerbaijani,,
##### Turkmen,,
#### Branch: Kipchak,,
##### Kazakh,,
##### Kyrgyz,,
##### Tatar,,
#### Branch: Siberian,,
##### Sakha (Yakut),,
##### Dolgan,,
## 9. Phylum: Austroasiatic,,
### Family: Austroasiatic,,
#### Branch: Mon-Khmer,,
##### Khmer,,
##### Vietnamese,,
##### Mon,,
#### Branch: Munda,,
##### Santali,,
##### Mundari,,
##### Ho,,
## 10. Phylum: Eskimo-Aleut,,
### Family: Eskimo-Aleut,,
#### Branch: Eskimo,,
##### Inuktitut,,
##### Yupik,,
#### Branch: Aleut,,
##### Aleut,,
## 11. Phylum: Japonic,,
### Family: Japonic,,
#### Branch: Japonic Proper,,
##### Japanese,,
##### Okinawan,,
## 12. Phylum: Koreanic,,
### Family: Koreanic,,
#### Branch: Koreanic Proper,,
##### Korean,,
