[
  {
    "element": "# Human Language Taxonomy",
    "Record Data": "",
    "Tags": ""
  },
  {
    "element": "## 1. Phylum: Indo-European",
    "Record Data": "hello world",
    "Tags": "Important, Urgent, Review"
  },
  {
    "element": "### Family: Indo-European",
    "Record Data": "nice short",
    "Tags": "Important, Urgent, Review"
  },
  {
    "element": "#### Branch: Germanic",
    "Record Data": "wow",
    "Tags": "Important, Urgent, Review"
  },
  {
    "element": "##### English",
    "Record Data": "hello there",
    "Tags": "Important, Urgent, Review"
  },
  {
    "element": "##### German",
    "Record Data": "",
    "Tags": ""
  },
  {
    "element": "##### Dutch",
    "Record Data": "",
    "Tags": ""
  },
  {
    "element": "##### Swedish",
    "Record Data": "",
    "Tags": ""
  },
  {
    "element": "#### Branch: Romance",
    "Record Data": "",
    "Tags": ""
  },
  {
    "element": "##### Spanish",
    "Record Data": "",
    "Tags": ""
  },
  {
    "element": "##### French",
    "Record Data": "",
    "Tags": ""
  },
  {
    "element": "##### Italian",
    "Record Data": "",
    "Tags": ""
  },
  {
    "element": "##### Portuguese",
    "Record Data": "",
    "Tags": ""
  },
  {
    "element": "#### Branch: Slavic",
    "Record Data": "",
    "Tags": ""
  },
  {
    "element": "##### Russian",
    "Record Data": "",
    "Tags": ""
  },
  {
    "element": "##### Polish",
    "Record Data": "",
    "Tags": ""
  },
  {
    "element": "##### Czech",
    "Record Data": "",
    "Tags": ""
  },
  {
    "element": "##### Bulgarian",
    "Record Data": "",
    "Tags": ""
  },
  {
    "element": "#### Branch: Indo-Aryan",
    "Record Data": "",
    "Tags": ""
  },
  {
    "element": "##### Hindi",
    "Record Data": "",
    "Tags": ""
  },
  {
    "element": "##### Bengali",
    "Record Data": "",
    "Tags": ""
  },
  {
    "element": "##### Punjabi",
    "Record Data": "",
    "Tags": ""
  },
  {
    "element": "##### Urdu",
    "Record Data": "",
    "Tags": ""
  },
  {
    "element": "## 2. Phylum: Sino-Tibetan",
    "Record Data": "",
    "Tags": ""
  },
  {
    "element": "### Family: Sino-Tibetan",
    "Record Data": "",
    "Tags": ""
  },
  {
    "element": "#### Branch: Sinitic",
    "Record Data": "",
    "Tags": ""
  },
  {
    "element": "##### Mandarin Chinese",
    "Record Data": "",
    "Tags": ""
  },
  {
    "element": "##### Cantonese (Yue)",
    "Record Data": "",
    "Tags": ""
  },
  {
    "element": "##### Hakka",
    "Record Data": "",
    "Tags": ""
  },
  {
    "element": "##### Min Nan",
    "Record Data": "",
    "Tags": ""
  },
  {
    "element": "#### Branch: Tibeto-Burman",
    "Record Data": "",
    "Tags": ""
  },
  {
    "element": "##### Burmese",
    "Record Data": "",
    "Tags": ""
  },
  {
    "element": "##### Tibetan",
    "Record Data": "",
    "Tags": ""
  },
  {
    "element": "##### Karen",
    "Record Data": "",
    "Tags": ""
  },
  {
    "element": "##### Manipuri (Meitei)",
    "Record Data": "",
    "Tags": ""
  },
  {
    "element": "## 3. Phylum: Afro-Asiatic",
    "Record Data": "",
    "Tags": ""
  },
  {
    "element": "### Family: Afro-Asiatic",
    "Record Data": "",
    "Tags": ""
  },
  {
    "element": "#### Branch: Semitic",
    "Record Data": "",
    "Tags": ""
  },
  {
    "element": "##### Arabic",
    "Record Data": "",
    "Tags": ""
  },
  {
    "element": "##### Hebrew",
    "Record Data": "",
    "Tags": ""
  },
  {
    "element": "##### Amharic",
    "Record Data": "",
    "Tags": ""
  },
  {
    "element": "##### Tigrinya",
    "Record Data": "",
    "Tags": ""
  },
  {
    "element": "#### Branch: Berber",
    "Record Data": "",
    "Tags": ""
  },
  {
    "element": "##### Tamazight",
    "Record Data": "",
    "Tags": ""
  },
  {
    "element": "##### Kabyle",
    "Record Data": "",
    "Tags": ""
  },
  {
    "element": "##### Tachelhit",
    "Record Data": "",
    "Tags": ""
  },
  {
    "element": "#### Branch: Cushitic",
    "Record Data": "",
    "Tags": ""
  },
  {
    "element": "##### Somali",
    "Record Data": "",
    "Tags": ""
  },
  {
    "element": "##### Oromo",
    "Record Data": "",
    "Tags": ""
  },
  {
    "element": "##### Afar",
    "Record Data": "",
    "Tags": ""
  },
  {
    "element": "#### Branch: Chadic",
    "Record Data": "",
    "Tags": ""
  },
  {
    "element": "##### Hausa",
    "Record Data": "",
    "Tags": ""
  },
  {
    "element": "##### Margi",
    "Record Data": "",
    "Tags": ""
  },
  {
    "element": "##### Bura",
    "Record Data": "",
    "Tags": ""
  },
  {
    "element": "## 4. Phylum: Niger-Congo",
    "Record Data": "",
    "Tags": ""
  },
  {
    "element": "### Family: Niger-Congo",
    "Record Data": "",
    "Tags": ""
  },
  {
    "element": "#### Branch: Bantu",
    "Record Data": "",
    "Tags": ""
  },
  {
    "element": "##### Swahili",
    "Record Data": "",
    "Tags": ""
  },
  {
    "element": "##### Zulu",
    "Record Data": "",
    "Tags": ""
  },
  {
    "element": "##### Xhosa",
    "Record Data": "",
    "Tags": ""
  },
  {
    "element": "##### Shona",
    "Record Data": "",
    "Tags": ""
  },
  {
    "element": "#### Branch: Mande",
    "Record Data": "",
    "Tags": ""
  },
  {
    "element": "##### Bambara",
    "Record Data": "",
    "Tags": ""
  },
  {
    "element": "##### Malinke",
    "Record Data": "",
    "Tags": ""
  },
  {
    "element": "##### Soninke",
    "Record Data": "",
    "Tags": ""
  },
  {
    "element": "#### Branch: Kwa",
    "Record Data": "",
    "Tags": ""
  },
  {
    "element": "##### Akan",
    "Record Data": "",
    "Tags": ""
  },
  {
    "element": "##### Ewe",
    "Record Data": "",
    "Tags": ""
  },
  {
    "element": "##### Yoruba",
    "Record Data": "",
    "Tags": ""
  },
  {
    "element": "## 5. Phylum: Austronesian",
    "Record Data": "",
    "Tags": ""
  },
  {
    "element": "### Family: Austronesian",
    "Record Data": "",
    "Tags": ""
  },
  {
    "element": "#### Branch: Malayo-Polynesian",
    "Record Data": "",
    "Tags": ""
  },
  {
    "element": "##### Tagalog",
    "Record Data": "",
    "Tags": ""
  },
  {
    "element": "##### Javanese",
    "Record Data": "",
    "Tags": ""
  },
  {
    "element": "##### Hawaiian",
    "Record Data": "",
    "Tags": ""
  },
  {
    "element": "##### Maori",
    "Record Data": "",
    "Tags": ""
  },
  {
    "element": "#### Branch: Formosan",
    "Record Data": "",
    "Tags": ""
  },
  {
    "element": "##### Amis",
    "Record Data": "",
    "Tags": ""
  },
  {
    "element": "##### Atayal",
    "Record Data": "",
    "Tags": ""
  },
  {
    "element": "##### Paiwan",
    "Record Data": "",
    "Tags": ""
  },
  {
    "element": "## 6. Phylum: Dravidian",
    "Record Data": "",
    "Tags": ""
  },
  {
    "element": "### Family: Dravidian",
    "Record Data": "",
    "Tags": ""
  },
  {
    "element": "#### Branch: South Dravidian",
    "Record Data": "",
    "Tags": ""
  },
  {
    "element": "##### Tamil",
    "Record Data": "",
    "Tags": ""
  },
  {
    "element": "##### Kannada",
    "Record Data": "",
    "Tags": ""
  },
  {
    "element": "##### Malayalam",
    "Record Data": "",
    "Tags": ""
  },
  {
    "element": "#### Branch: Central Dravidian",
    "Record Data": "",
    "Tags": ""
  },
  {
    "element": "##### Telugu",
    "Record Data": "",
    "Tags": ""
  },
  {
    "element": "##### Gondi",
    "Record Data": "",
    "Tags": ""
  },
  {
    "element": "#### Branch: North Dravidian",
    "Record Data": "",
    "Tags": ""
  },
  {
    "element": "##### Brahui",
    "Record Data": "",
    "Tags": ""
  },
  {
    "element": "##### Malto",
    "Record Data": "",
    "Tags": ""
  },
  {
    "element": "## 7. Phylum: Uralic",
    "Record Data": "",
    "Tags": ""
  },
  {
    "element": "### Family: Uralic",
    "Record Data": "",
    "Tags": ""
  },
  {
    "element": "#### Branch: Finno-Ugric",
    "Record Data": "",
    "Tags": ""
  },
  {
    "element": "##### Hungarian",
    "Record Data": "",
    "Tags": ""
  },
  {
    "element": "##### Finnish",
    "Record Data": "",
    "Tags": ""
  },
  {
    "element": "##### Estonian",
    "Record Data": "",
    "Tags": ""
  },
  {
    "element": "#### Branch: Samoyedic",
    "Record Data": "",
    "Tags": ""
  },
  {
    "element": "##### Nenets",
    "Record Data": "",
    "Tags": ""
  },
  {
    "element": "##### Selkup",
    "Record Data": "",
    "Tags": ""
  },
  {
    "element": "## 8. Phylum: Turkic",
    "Record Data": "",
    "Tags": ""
  },
  {
    "element": "### Family: Turkic",
    "Record Data": "",
    "Tags": ""
  },
  {
    "element": "#### Branch: Oghuz",
    "Record Data": "",
    "Tags": ""
  },
  {
    "element": "##### Turkish",
    "Record Data": "",
    "Tags": ""
  },
  {
    "element": "##### Azerbaijani",
    "Record Data": "",
    "Tags": ""
  },
  {
    "element": "##### Turkmen",
    "Record Data": "",
    "Tags": ""
  },
  {
    "element": "#### Branch: Kipchak",
    "Record Data": "",
    "Tags": ""
  },
  {
    "element": "##### Kazakh",
    "Record Data": "",
    "Tags": ""
  },
  {
    "element": "##### Kyrgyz",
    "Record Data": "",
    "Tags": ""
  },
  {
    "element": "##### Tatar",
    "Record Data": "",
    "Tags": ""
  },
  {
    "element": "#### Branch: Siberian",
    "Record Data": "",
    "Tags": ""
  },
  {
    "element": "##### Sakha (Yakut)",
    "Record Data": "",
    "Tags": ""
  },
  {
    "element": "##### Dolgan",
    "Record Data": "",
    "Tags": ""
  },
  {
    "element": "## 9. Phylum: Austroasiatic",
    "Record Data": "",
    "Tags": ""
  },
  {
    "element": "### Family: Austroasiatic",
    "Record Data": "",
    "Tags": ""
  },
  {
    "element": "#### Branch: Mon-Khmer",
    "Record Data": "",
    "Tags": ""
  },
  {
    "element": "##### Khmer",
    "Record Data": "",
    "Tags": ""
  },
  {
    "element": "##### Vietnamese",
    "Record Data": "",
    "Tags": ""
  },
  {
    "element": "##### Mon",
    "Record Data": "",
    "Tags": ""
  },
  {
    "element": "#### Branch: Munda",
    "Record Data": "",
    "Tags": ""
  },
  {
    "element": "##### Santali",
    "Record Data": "",
    "Tags": ""
  },
  {
    "element": "##### Mundari",
    "Record Data": "",
    "Tags": ""
  },
  {
    "element": "##### Ho",
    "Record Data": "",
    "Tags": ""
  },
  {
    "element": "## 10. Phylum: Eskimo-Aleut",
    "Record Data": "",
    "Tags": ""
  },
  {
    "element": "### Family: Eskimo-Aleut",
    "Record Data": "",
    "Tags": ""
  },
  {
    "element": "#### Branch: Eskimo",
    "Record Data": "",
    "Tags": ""
  },
  {
    "element": "##### Inuktitut",
    "Record Data": "",
    "Tags": ""
  },
  {
    "element": "##### Yupik",
    "Record Data": "",
    "Tags": ""
  },
  {
    "element": "#### Branch: Aleut",
    "Record Data": "",
    "Tags": ""
  },
  {
    "element": "##### Aleut",
    "Record Data": "",
    "Tags": ""
  },
  {
    "element": "## 11. Phylum: Japonic",
    "Record Data": "",
    "Tags": ""
  },
  {
    "element": "### Family: Japonic",
    "Record Data": "",
    "Tags": ""
  },
  {
    "element": "#### Branch: Japonic Proper",
    "Record Data": "",
    "Tags": ""
  },
  {
    "element": "##### Japanese",
    "Record Data": "",
    "Tags": ""
  },
  {
    "element": "##### Okinawan",
    "Record Data": "",
    "Tags": ""
  },
  {
    "element": "## 12. Phylum: Koreanic",
    "Record Data": "",
    "Tags": ""
  },
  {
    "element": "### Family: Koreanic",
    "Record Data": "",
    "Tags": ""
  },
  {
    "element": "#### Branch: Koreanic Proper",
    "Record Data": "",
    "Tags": ""
  },
  {
    "element": "##### Korean",
    "Record Data": "",
    "Tags": ""
  }
]